VehicleID,Amount (Million Naira)
VHL18518,5.790128
VHL17149,7.703341
VHL10927,5.97824
VHL12909,6.531026
VHL12348,10.516854
VHL10798,38.009594
VHL11022,4.2648635
VHL12206,7.805521
VHL11697,9.608599
VHL12313,7.5236926
VHL13411,19.330437
VHL14334,6.075679
VHL14302,7.610375
VHL13979,5.9545856
VHL12272,4.0213737
VHL15071,8.364881
VHL19166,8.209307
VHL10471,4.8430123
VHL18431,4.7143273
VHL12325,10.905341
VHL15657,4.763687
VHL13667,22.279058
VHL18913,7.11168
VHL13273,7.8927827
VHL16576,3.2877047
VHL15506,4.71299
VHL10460,41.96283
VHL16050,4.4413867
VHL17918,7.438623
VHL12992,7.680091
VHL10261,14.233956
VHL18348,8.004321
VHL11577,8.437374
VHL16957,3.8798466
VHL16165,16.704226
VHL11441,7.0990314
VHL19990,5.343822
VHL14072,6.94669
VHL13637,4.3967223
VHL10757,16.803928
VHL12657,12.472095
VHL19939,16.66801
VHL12094,15.638582
VHL17177,4.913358
VHL16720,14.525436
VHL11478,32.46939
VHL14386,15.725028
VHL11341,8.588632
VHL18683,9.291936
VHL13430,27.925447
VHL18932,5.547522
VHL17505,10.831041
VHL16272,6.0966883
VHL14777,5.4495935
VHL13186,12.786786
VHL19383,3.44261
VHL14605,14.246816
VHL11440,22.9119
VHL14303,15.868755
VHL19478,6.173205
VHL17837,5.1641483
VHL12824,5.299043
VHL17476,6.5970287
VHL18988,4.081153
VHL19482,9.428477
VHL13263,5.655028
VHL17078,13.444992
VHL19170,4.554408
VHL18070,4.9170375
VHL18061,16.035889
VHL10726,4.291966
VHL19212,7.209564
VHL13283,5.2710867
VHL14023,9.111342
VHL16973,44.201458
VHL19653,19.380743
VHL18605,15.609779
VHL13287,13.634183
VHL15719,4.006974
VHL19636,9.186327
VHL11009,18.973892
VHL18087,6.6232867
VHL14422,5.711472
VHL15789,38.45025
VHL12369,6.207763
VHL15812,6.5838456
VHL18767,277.8744
VHL19271,25.428488
VHL17403,5.1633472
VHL12967,5.6024876
VHL19998,11.539304
VHL12336,5.2860303
VHL10328,5.1521745
VHL18908,4.1267962
VHL11127,7.973805
VHL12655,19.463116
VHL19086,38.177605
VHL10384,9.338325
VHL15712,15.418087
VHL11054,19.548933
VHL16505,8.137023
VHL10534,4.3479033
VHL14120,5.0409064
VHL10206,8.305711
VHL13595,12.174643
VHL15887,7.672542
VHL12672,6.376756
VHL19770,8.999067
VHL13026,15.421981
VHL12635,9.524908
VHL14014,6.8305674
VHL19238,7.753121
VHL18156,6.277178
VHL13087,6.812109
VHL13743,4.0759616
VHL19323,117.934814
VHL16129,7.951451
VHL17626,8.665045
VHL14525,3.3879178
VHL15597,69.56715
VHL19429,7.471771
VHL14074,10.767724
VHL17422,73.95789
VHL11861,39.404053
VHL19828,30.196566
VHL14000,5.1641765
VHL12312,9.351513
VHL16257,7.5115557
VHL14859,4.857919
VHL16048,5.2503843
VHL14039,3.5430207
VHL10296,3.8534534
VHL14949,3.2710726
VHL17034,34.61556
VHL17149,20.04172
VHL19677,9.526978
VHL14433,6.4608154
VHL16582,6.258825
VHL10059,9.228306
VHL17140,13.221248
VHL10364,9.334856
VHL16932,6.5516505
VHL18587,7.936445
VHL13635,3.668639
VHL18371,24.133831
VHL19622,18.45048
VHL18669,10.97502
VHL17359,5.226688
VHL19788,10.661037
VHL19078,14.79882
VHL12673,4.628285
VHL17895,3.9721153
VHL18950,21.268578
VHL13562,64.89023
VHL11306,16.915081
VHL15496,8.295782
VHL11927,19.77804
VHL10392,35.32772
VHL14124,5.919465
VHL12586,8.027481
VHL12895,5.593777
VHL18481,9.761718
VHL11310,5.710179
VHL15810,4.5517945
VHL16037,12.480699
VHL19627,30.945738
VHL11152,14.988943
VHL17698,36.267735
VHL19815,68.54428
VHL18192,6.679953
VHL19720,4.8956223
VHL11686,12.173174
VHL18649,7.805521
VHL12765,6.988801
VHL10026,17.219625
VHL11001,10.699981
VHL13433,8.765663
VHL17827,3.9356544
VHL12344,7.4885798
VHL17308,51.457233
VHL18722,4.577522
VHL17199,9.807838
VHL15338,6.484992
VHL16946,7.802045
VHL11039,4.5439587
VHL18017,12.374957
VHL15945,17.225288
VHL14724,7.221352
VHL15314,29.008965
VHL14276,5.4577465
VHL17883,4.582969
VHL14385,9.2485075
VHL18665,3.2527847
VHL15936,65.569756
VHL19518,7.897074
VHL13530,3.9814193
VHL17861,5.264997
VHL10966,54.855194
VHL11652,11.631403
VHL16641,15.621864
VHL12017,26.842388
VHL14856,6.4826517
VHL16801,9.15208
VHL16814,33.51883
VHL13748,7.7253075
VHL13104,11.399292
VHL10022,27.096443
VHL14787,5.6012883
VHL19015,5.8428535
VHL11089,5.6917477
VHL13873,6.631152
VHL15486,31.339605
VHL13253,3.4420428
VHL15232,3.3174398
VHL18914,7.9366064
VHL14922,7.5811796
VHL14541,5.136189
VHL15820,17.624607
VHL10710,7.621667
VHL11752,4.200647
VHL13868,5.83172
VHL17442,27.613482
VHL14571,22.403719
VHL17155,6.036995
VHL11093,9.353492
VHL18280,5.637458
VHL18425,7.119104
VHL10175,3.9882271
VHL15307,13.795849
VHL18062,7.8888264
VHL18972,4.6132836
VHL11185,7.3391886
VHL10343,6.1885858
VHL10450,6.039566
VHL19621,9.394998
VHL14502,9.589774
VHL12768,6.1724195
VHL19922,15.754189
VHL10824,14.472137
VHL16646,10.332729
VHL15462,11.751497
VHL15801,8.102669
VHL10322,10.255439
VHL15613,8.504116
VHL17756,6.456375
VHL16186,22.548204
VHL19061,7.0144796
VHL13446,33.50547
VHL10599,17.086351
VHL18255,20.656498
VHL17948,9.5602455
VHL17616,2.668103
VHL17664,46.11244
VHL18299,5.211701
VHL18959,8.692046
VHL10473,11.210836
VHL17271,15.785207
VHL19798,7.958816
VHL17935,115.794624
VHL10245,28.831589
VHL15041,7.394905
VHL15001,8.948636
VHL16287,4.4599113
VHL13974,17.69198
VHL15764,22.99536
VHL18888,5.4799967
VHL14882,9.36418
VHL19424,7.8600383
VHL13785,289.38168
VHL10783,15.752574
VHL19808,6.4391017
VHL18890,14.525436
VHL13440,7.493466
VHL13285,9.445168
VHL18805,36.75757
VHL18550,3.631532
VHL10061,15.807231
VHL18522,17.496801
VHL16813,9.7738
VHL11036,17.232275
VHL12107,27.197392
VHL17826,10.979027
VHL14449,3.773265
VHL14938,3.9124177
VHL14098,13.482593
VHL19241,5.4137
VHL17856,5.4428253
VHL18900,5.2244577
VHL11133,12.0054865
VHL11687,25.567774
VHL12719,4.1042256
VHL15531,7.2034287
VHL17329,37.27398
VHL16806,3.587716
VHL11582,3.9910984
VHL16362,5.04806
VHL11119,3.94173
VHL13806,34.82041
VHL11733,3.496104
VHL18959,87.51251
VHL17287,4.8545303
VHL11709,13.938359
VHL19793,8.00711
VHL19880,4.8072696
VHL19964,20.706112
VHL12784,14.714227
VHL17371,17.479975
VHL12439,4.3472867
VHL16652,6.8744936
VHL17836,13.37063
VHL16597,7.7271123
VHL18707,7.610375
VHL16683,15.203026
VHL15365,4.5302553
VHL13507,7.986545
VHL14459,27.880058
VHL19300,9.062719
VHL18418,19.578972
VHL15350,5.7591724
VHL15927,5.4253383
VHL12985,15.21041
VHL10426,27.62299
VHL10506,7.4325614
VHL11042,16.658777
VHL18043,7.2217894
VHL16258,7.179004
VHL19326,6.880214
VHL15424,14.222869
VHL19014,7.205138
VHL11310,10.118924
VHL12927,10.956097
VHL10082,9.09796
VHL10068,15.2598505
VHL13660,7.057312
VHL18810,9.640611
VHL17666,49.10937
VHL18022,5.5766625
VHL11237,20.128803
VHL17240,13.222362
VHL13512,10.816871
VHL10596,68.43324
VHL10073,8.661308
VHL13719,4.5645933
VHL10077,3.3612528
VHL13151,7.9242916
VHL12499,5.9761686
VHL18832,20.8493
VHL16790,11.997067
VHL13880,43.213806
VHL19448,8.04244
VHL15860,8.545868
VHL14538,6.903314
VHL16505,8.738238
VHL11544,18.47791
VHL19830,10.89687
VHL10194,8.017288
VHL15744,5.412562
VHL10957,5.432624
VHL12568,5.3601446
VHL19448,13.487229
VHL14417,4.1007266
VHL10368,13.854871
VHL10806,4.786403
VHL17414,10.516854
VHL14892,4.509546
VHL17933,14.118271
VHL15852,41.969322
VHL10505,24.500101
VHL18345,18.682602
VHL13294,13.908808
VHL18253,12.8259
VHL17152,11.060492
VHL12883,47.15022
VHL16101,10.646296
VHL15563,13.812996
VHL10313,6.396999
VHL18291,3.324788
VHL13553,7.2862754
VHL11440,5.5457807
VHL15887,6.181832
VHL17489,15.902134
VHL16271,9.52558
VHL15007,70.30506
VHL15329,22.637457
VHL13826,5.2402215
VHL11568,10.585884
VHL13578,8.956608
VHL16302,5.4329925
VHL12677,6.0858517
VHL18866,6.063731
VHL11976,5.60805
VHL17817,20.860842
VHL16893,4.9196076
VHL11075,4.0612273
VHL14865,7.6724944
VHL13535,5.114388
VHL16299,28.957218
VHL19327,4.7442045
VHL10055,5.7320857
VHL14258,5.0385256
VHL11527,4.482143
VHL17682,4.737994
VHL10073,6.7990365
VHL14599,27.20827
VHL15495,8.540655
VHL13387,3.9443269
VHL19505,6.574512
VHL16307,3.6390836
VHL11034,78.58457
VHL13625,6.020694
VHL19623,7.8164434
VHL10838,4.3501253
VHL11711,5.6715975
VHL14148,5.352398
VHL15745,3.9926581
VHL15705,6.2081747
VHL14767,16.81524
VHL10108,8.208788
VHL17818,4.758204
VHL18324,10.2728405
VHL19741,14.5402775
VHL11815,10.307432
VHL18939,7.9851274
VHL18042,3.4291852
VHL13176,3.7347836
VHL16859,5.982968
VHL14405,5.384315
VHL14751,32.495583
VHL18416,4.9507375
VHL13952,11.060492
VHL14726,4.8340483
VHL11889,7.5236926
VHL12851,30.906158
VHL12862,5.8643727
VHL14262,5.338474
VHL13520,9.295052
VHL14967,5.040551
VHL14728,6.8560944
VHL15340,8.667618
VHL14760,9.007398
VHL18498,5.1587114
VHL18440,5.8634195
VHL18477,7.0682187
VHL16456,9.919599
VHL19596,4.448693
VHL19616,15.768521
VHL12885,18.585583
VHL13080,5.4361396
VHL10988,6.394657
VHL16251,5.1032963
VHL16941,6.1571503
VHL19708,8.187319
VHL13116,31.99356
VHL17823,11.0265465
VHL14587,12.122997
VHL16807,4.7124376
VHL15706,7.754552
VHL19568,7.747762
VHL12877,33.15833
VHL16412,3.1782544
VHL18036,47.621487
VHL16860,14.350832
VHL14755,5.422088
VHL19234,23.410532
VHL13272,4.3605185
VHL16892,4.6862774
VHL17413,21.041801
VHL18817,3.9361432
VHL11681,7.6857166
VHL10192,41.552383
VHL16374,7.9331727
VHL17630,13.65206
VHL15610,4.5790105
VHL11364,5.447394
VHL13136,26.218721
VHL10038,8.348031
VHL12580,7.280419
VHL14253,12.042984
VHL17421,14.986816
VHL15458,5.0377464
VHL12574,7.5763035
VHL14109,14.096069
VHL15943,8.314851
VHL17404,6.3061485
VHL14940,13.162576
VHL16625,11.948427
VHL12066,7.9497743
VHL12899,11.080343
VHL11652,14.755872
VHL17554,89.160065
VHL11567,7.3036275
VHL10163,9.378218
VHL10355,23.845568
VHL12041,6.821795
VHL13416,12.108376
VHL15974,4.3775954
VHL12082,6.92635
VHL12319,4.3979287
VHL12556,6.523443
VHL18675,6.6437435
VHL13381,4.1161156
VHL14325,38.72351
VHL15875,6.417265
VHL10638,7.5085335
VHL10544,5.905871
VHL11654,4.703057
VHL14423,3.1974957
VHL14569,7.427398
VHL15007,3.1855218
VHL18221,23.05026
VHL10785,3.9544225
VHL16546,4.923422
VHL19173,10.659111
VHL11731,15.8541355
VHL18180,8.465297
VHL19452,8.905208
VHL16163,7.9911737
VHL14877,6.416049
VHL10102,37.299
VHL16046,14.471778
VHL13684,17.796803
VHL18749,37.55298
VHL15304,12.047802
VHL10117,50.091015
VHL19957,3.472887
VHL19132,4.793803
VHL15383,11.129174
VHL10136,28.326843
VHL17919,5.712267
VHL11444,5.3883233
VHL18795,24.317226
VHL12062,7.881184
VHL15890,11.325605
VHL17372,42.15893
VHL12038,13.986245
VHL19368,4.3291984
VHL10476,6.420793
VHL14079,4.4082794
VHL10401,5.6749387
VHL12810,46.413776
VHL19466,3.7457123
VHL15757,5.8799
VHL15894,4.6989703
VHL18056,11.782548
VHL16634,6.8538394
VHL16608,5.637458
VHL19831,4.8204856
VHL13863,14.759514
VHL11159,7.0035834
VHL15412,13.750555
VHL10730,6.904931
VHL17248,5.3847528
VHL16421,23.828426
VHL11328,7.941088
VHL18439,6.1221433
VHL12340,7.2862754
VHL10461,6.3109417
VHL15024,7.2555184
VHL11850,13.602399
VHL16423,10.8026085
VHL16427,11.925811
VHL13444,4.3166246
VHL16609,4.8280034
VHL11522,8.812906
VHL11433,12.214098
VHL15853,4.039748
VHL14168,5.6662498
VHL19004,9.217661
VHL10827,32.396896
VHL19998,6.512091
VHL14997,4.509481
VHL15827,13.49206
VHL18844,6.119291
VHL10076,10.449277
VHL16342,3.8810532
VHL19420,5.65987
VHL12762,5.562576
VHL16916,5.203499
VHL10660,7.4089494
VHL18142,8.227756
VHL13721,8.114249
VHL18101,9.848683
VHL11732,4.801953
VHL14351,6.267008
VHL16617,5.1092343
VHL13840,7.599599
VHL10596,5.12794
VHL19148,4.6286736
VHL16845,15.866072
VHL17262,13.873576
VHL17801,10.4930935
VHL18039,17.2373
VHL15369,13.170577
VHL14483,4.9967794
VHL19700,7.7142262
VHL15877,20.390158
VHL15552,17.207888
VHL18756,13.143116
VHL10301,15.24859
VHL17678,5.088708
VHL17604,3.8530362
VHL17969,117.08938
VHL17089,10.332721
VHL13239,67.43029
VHL12466,6.0303965
VHL16020,15.240987
VHL15014,6.0809164
VHL13302,6.022377
VHL17986,7.894533
VHL14724,9.671221
VHL15147,5.4705796
VHL15325,4.989568
VHL16131,16.76838
VHL14868,4.5316067
VHL15382,23.32116
VHL12164,7.958816
VHL11723,8.458198
VHL14888,8.924281
VHL17997,5.2320113
VHL11576,8.660329
VHL16048,8.522696
VHL17795,7.2032986
VHL15642,7.3736963
VHL13953,6.272972
VHL10189,16.455227
VHL13338,9.136149
VHL19247,28.771059
VHL16429,16.592905
VHL10272,4.3096437
VHL12716,5.7168584
VHL12652,8.100059
VHL13545,11.032624
VHL11323,5.985471
VHL15121,20.3738
VHL17568,8.835169
VHL11886,5.8511777
VHL17402,15.092221
VHL10243,13.469322
VHL13407,4.353313
VHL12149,5.589082
VHL11037,13.47232
VHL17924,9.014052
VHL12180,21.127838
VHL14683,10.573703
VHL18920,5.6049423
VHL12024,4.9252687
VHL13968,116.5176
VHL11079,4.4315767
VHL14355,3.896579
VHL11824,4.2055116
VHL19942,6.2099133
VHL12917,56.34713
VHL15326,42.66058
VHL13585,6.3685575
VHL12069,6.0722046
VHL17056,8.767479
VHL10515,8.56485
VHL16435,7.8829265
VHL17564,3.7870042
VHL18798,5.5121074
VHL10222,10.625144
VHL17645,5.4824867
VHL10810,4.046144
VHL14216,7.5748835
VHL13799,4.690376
VHL19965,6.25637
VHL18568,14.783174
VHL17957,6.9418507
VHL11023,8.593852
VHL17797,8.668334
VHL16174,13.114095
VHL15112,4.8926187
VHL10167,8.087207
VHL18749,6.512173
VHL16276,7.867738
VHL15593,14.585267
VHL18474,6.7847247
VHL13000,6.296645
VHL10796,6.5001545
VHL16443,22.475424
VHL13954,10.486525
VHL12761,7.4423585
VHL17916,9.878031
VHL13145,10.590102
VHL19331,14.263484
VHL15623,15.613238
VHL13922,17.192432
VHL11222,5.731641
VHL15425,14.335234
VHL19072,5.5973296
VHL18649,15.658864
VHL14730,3.198232
VHL12512,10.04649
VHL18486,3.1098294
VHL13182,6.706951
VHL19735,11.840382
VHL13370,31.243874
VHL15038,8.588632
VHL13034,5.699009
VHL16581,17.981064
VHL12113,7.646411
VHL16914,15.423757
VHL18231,18.863552
VHL14192,5.711282
VHL10404,8.676212
VHL10084,24.074066
VHL13855,21.61227
VHL14027,7.8534255
VHL16209,5.367939
VHL11144,33.01182
VHL18646,8.364741
VHL16431,7.966488
VHL16873,5.2444587
VHL19594,16.785782
VHL18630,8.565971
VHL17288,6.043342
VHL13113,5.0197134
VHL18865,6.6926985
VHL18260,6.357759
VHL13198,17.262083
VHL11475,6.9387784
VHL18584,15.163768
VHL14768,31.919815
VHL16073,7.5819964
VHL15742,6.81099
VHL18879,3.937975
VHL12038,6.108264
VHL19728,8.202493
VHL17986,4.677723
VHL18819,5.6781445
VHL12225,3.056106
VHL19157,11.5386305
VHL19615,6.5263443
VHL17175,5.128963
VHL13050,8.215881
VHL13123,4.06353
VHL16065,4.3957305
VHL12484,4.242923
VHL11338,18.729
VHL17289,5.3943834
VHL15447,4.1501646
VHL18803,7.826361
VHL18294,6.714039
VHL15133,6.571614
VHL10657,4.805945
VHL10619,10.541435
VHL17912,14.297171
VHL18164,10.545446
VHL14504,7.8014812
VHL18885,5.7832594
VHL10118,6.5181746
VHL17852,6.1394544
VHL18834,9.668545
VHL11508,5.312418
VHL17633,3.1488197
VHL15893,10.6768
VHL14089,14.628692
VHL18800,39.79687
VHL12314,3.927056
VHL18047,20.317654
VHL11118,6.150465
VHL17922,5.788184
VHL17121,4.32181
VHL13960,7.249257
VHL15350,8.819368
VHL17939,5.9690156
VHL11888,13.402588
VHL17044,5.966235
VHL10290,30.772161
VHL19497,15.441135
VHL17807,11.528442
VHL11467,67.36541
VHL14703,16.928228
VHL17518,8.073101
VHL19578,3.3586326
VHL10425,25.792574
VHL11304,3.2275243
VHL10086,6.1380816
VHL19512,5.3215127
VHL13350,5.4481134
VHL12694,54.65634
VHL12838,37.300114
VHL16255,3.8776448
VHL15196,9.775302
VHL16844,11.020975
VHL10977,10.557068
VHL18145,10.57937
VHL12297,5.539182
VHL15274,13.426538
VHL15478,10.752747
VHL16940,5.1909094
VHL14407,3.8509398
VHL19544,8.556754
VHL10519,39.567406
VHL16928,4.1181073
VHL11692,6.070321
VHL15180,7.205949
VHL19040,4.7224708
VHL11628,9.980055
VHL19845,5.1113315
VHL16574,72.54426
VHL14807,7.2012315
VHL11188,15.934479
VHL18077,25.70134
VHL14836,5.1537814
VHL13406,4.5630646
VHL18365,3.383287
VHL18328,4.1458077
VHL14695,5.5032086
VHL12724,5.7405477
VHL10202,7.5913863
VHL12815,4.266417
VHL12630,16.81816
VHL14283,13.408472
VHL18698,4.449077
VHL10141,6.231275
VHL16204,8.028877
VHL11310,10.328333
VHL18878,5.8002405
VHL19310,9.167065
VHL18219,6.300116
VHL13108,6.914183
VHL14070,50.106483
VHL16891,5.93982
VHL10398,8.956608
VHL12755,6.399398
VHL12995,6.4901524
VHL12158,5.769878
VHL17814,16.186718
VHL15098,3.9048078
VHL13066,6.3446164
VHL13362,5.612519
VHL13443,4.080814
VHL18173,4.103117
VHL16277,10.228883
VHL17380,7.6190076
VHL18129,12.652374
VHL11891,4.466159
VHL11042,6.76547
VHL16137,5.471816
VHL13400,3.8512726
VHL19399,27.23106
VHL16723,5.673353
VHL12416,6.607904
VHL10350,4.995912
VHL13811,4.676583
VHL13916,6.785236
VHL11857,5.394824
VHL12040,7.2043667
VHL10872,9.257906
VHL14351,16.660166
VHL18230,8.90038
VHL14851,25.2426
VHL19426,9.745519
VHL12795,9.474801
VHL16882,28.206713
VHL15924,5.9253755
VHL10807,3.9075294
VHL10611,4.7518044
VHL15296,6.302287
VHL11333,11.892642
VHL18616,6.8693414
VHL15633,7.279747
VHL15157,4.533835
VHL16982,4.576005
VHL13879,15.985297
VHL17585,7.4472756
VHL13116,5.4279885
VHL16982,4.9520617
VHL18017,11.541255
VHL19155,9.187487
VHL19997,4.6194644
VHL19660,6.706951
VHL19990,9.005665
VHL13582,6.634649
VHL15998,18.768768
VHL13285,2.9556432
VHL16586,5.7766757
VHL15120,9.141686
VHL14954,10.143144
VHL18066,3.7428432
VHL13559,7.1527166
VHL14707,10.7639265
VHL12562,10.679629
VHL15527,4.035936
VHL12878,9.956137
VHL12507,5.6440268
VHL14699,3.8338602
VHL14730,12.666347
VHL16614,7.741881
VHL13024,6.6779823
VHL19915,8.223936
VHL13101,7.0398016
VHL13052,4.728034
VHL19820,26.817001
VHL11562,6.030633
VHL16424,24.086912
VHL10876,12.773746
VHL12199,7.561385
VHL17320,10.496168
VHL13599,6.2896595
VHL15761,5.486375
VHL12114,4.539244
VHL14797,4.945762
VHL10360,11.0245285
VHL11344,18.229418
VHL13709,4.2107267
VHL19962,16.012999
VHL11021,5.184698
VHL11988,9.275842
VHL18459,5.654878
VHL12547,11.362173
VHL17688,14.067418
VHL10267,73.69756
VHL17363,30.522058
VHL19946,22.428986
VHL17698,7.0250435
VHL10234,3.034385
VHL13897,10.425557
VHL13543,4.433266
VHL11002,12.208819
VHL19102,6.0992856
VHL17633,86.58688
VHL18124,6.1829166
VHL16120,4.3213334
VHL19186,10.091233
VHL18664,7.9151297
VHL17083,29.670185
VHL13077,11.148449
VHL17267,11.124457
VHL18565,12.931244
VHL13814,13.865135
VHL18967,19.505602
VHL13503,8.146311
VHL13644,3.975511
VHL17079,6.163026
VHL15239,18.256245
VHL17245,4.1657267
VHL10153,63.454006
VHL19693,5.7377396
VHL10773,7.4959908
VHL11413,4.914724
VHL10223,17.535238
VHL18530,3.7185485
VHL12551,5.584394
VHL17602,5.8944464
VHL13375,26.2351
VHL13337,20.67422
VHL18551,7.692263
VHL17882,4.780566
VHL17761,4.9912367
VHL12646,8.51856
VHL15219,18.254631
VHL14365,7.5401096
VHL16915,4.8912253
VHL10906,5.030569
VHL13513,4.6809773
VHL14542,12.984106
VHL14200,8.882226
VHL18013,10.574684
VHL14772,9.853519
VHL13641,10.754503
VHL15001,6.481079
VHL10409,9.037692
VHL12698,15.137297
VHL14128,7.364447
VHL10621,5.4841895
VHL13729,8.784473
VHL16191,7.8766303
VHL11188,11.907573
VHL14810,29.427885
VHL16357,2.9507844
VHL18353,7.892154
VHL15843,5.805779
VHL10210,4.8045154
VHL17457,6.733282
VHL11022,9.735023
VHL16541,4.8432574
VHL17647,4.4421024
VHL11229,50.454285
VHL17996,4.9908743
VHL17089,7.0299926
VHL19543,13.22401
VHL19715,36.140804
VHL17944,11.060492
VHL16820,39.13262
VHL14857,8.266497
VHL17512,7.8002357
VHL16649,15.725249
VHL14838,15.23438
VHL14568,6.4851375
VHL17525,10.592539
VHL16117,7.900453
VHL13135,6.036474
VHL19812,7.7722073
VHL17027,8.104977
VHL14654,6.4501667
VHL12420,9.104937
VHL10360,8.040536
VHL13629,21.61017
VHL16737,8.310679
VHL15446,9.344746
VHL10946,5.3575974
VHL13953,3.574837
VHL17303,18.483398
VHL15447,5.5225425
VHL12854,9.145796
VHL12567,8.415283
VHL19137,4.9579134
VHL19411,6.72438
VHL10923,3.946435
VHL17236,9.733252
VHL19462,45.35018
VHL13097,8.117169
VHL19969,7.014329
VHL11860,5.3045144
VHL18943,4.9622083
VHL11672,15.233776
VHL10815,6.1317058
VHL16245,6.891229
VHL14969,21.965113
VHL19652,5.383649
VHL11330,4.960934
VHL19827,24.774426
VHL10484,6.292363
VHL11394,2.96401
VHL18787,27.830315
VHL11803,9.932615
VHL12784,20.151957
VHL17216,14.053445
VHL10033,18.190802
VHL11776,4.7132654
VHL14947,13.98909
VHL17522,6.001502
VHL14197,4.9182596
VHL13071,4.5522943
VHL17406,5.4941535
VHL12174,11.52198
VHL12440,3.6569645
VHL12462,6.1743727
VHL12158,7.717065
VHL14899,4.8956227
VHL11281,15.09397
VHL10913,12.52323
VHL19630,8.559874
VHL19709,5.3445883
VHL14819,7.891918
VHL15381,4.444539
VHL14781,4.2662983
VHL18728,12.755241
VHL16520,4.566805
VHL10643,84.58525
VHL19438,24.381596
VHL14103,3.2432642
VHL19088,4.79053
VHL15456,11.091002
VHL16411,15.080136
VHL19044,4.1755342
VHL15194,16.527586
VHL11490,6.255565
VHL13904,7.706509
VHL15148,22.286535
VHL10918,10.540259
VHL19119,18.437702
VHL10313,9.764015
VHL17176,32.899605
VHL17166,6.3622894
VHL11166,5.0036077
VHL19144,20.064522
VHL17259,48.328407
VHL11965,19.4772
VHL13791,4.6068826
VHL12309,12.423447
VHL18687,3.4445808
VHL10199,8.267456
VHL18562,10.313239
VHL14042,15.049478
VHL19017,7.9969487
VHL18805,4.855746
VHL18622,9.210561
VHL14045,35.925987
VHL17010,6.869888
VHL16993,4.975194
VHL16050,6.0825653
VHL16363,4.3967853
VHL10287,4.349972
VHL19873,19.178036
VHL15450,9.93717
VHL14789,6.1613383
VHL14379,4.0945597
VHL10911,9.65355
VHL10449,14.702504
VHL19705,9.327366
VHL14766,14.127932
VHL16203,12.301177
VHL14855,4.607482
VHL14661,95.4229
VHL19859,3.400718
VHL14028,6.674702
VHL14991,3.6659446
VHL15291,6.0297265
VHL16047,8.86584
VHL12253,6.504498
VHL10428,6.5303874
VHL15237,81.6906
VHL16101,9.514475
VHL16143,26.576696
VHL10257,22.688707
VHL16662,51.83807
VHL19799,29.559141
VHL14241,15.766093
VHL17705,20.380968
VHL17529,3.4846323
VHL15191,7.3883257
VHL17451,9.913371
VHL17879,5.5528235
VHL19264,4.165972
VHL19009,31.21831
VHL10568,6.4387636
VHL19545,9.56191
VHL16822,9.14424
VHL10957,24.640705
VHL15607,7.931482
VHL12093,129.76677
VHL19096,26.336412
VHL18288,7.4828825
VHL11310,6.389281
VHL19333,17.471195
VHL13823,9.749221
VHL19965,6.9627304
VHL16917,6.8033724
VHL11177,3.7674987
VHL16853,23.095915
VHL18554,36.44845
VHL18562,9.427045
VHL10753,9.611893
VHL16804,6.4382873
VHL18774,24.748915
VHL15561,6.3014846
VHL12265,12.033338
VHL10021,7.039034
VHL18216,6.4387636
VHL18297,29.670185
VHL15781,4.4787064
VHL12134,3.9707341
VHL12909,9.136149
VHL19963,14.78117
VHL16014,4.9292665
VHL14675,6.7835746
VHL19999,4.62023
VHL15433,5.3065534
VHL12937,5.5556793
VHL11373,36.508064
VHL17859,3.3083222
VHL10314,13.006041
VHL18773,7.876428
VHL16942,9.034331
VHL18334,5.6665163
VHL17910,4.9176874
VHL18494,7.942823
VHL12860,5.007001
VHL10204,7.9456263
VHL19924,14.88272
VHL13255,9.033296
VHL12057,11.850893
VHL19296,11.588966
VHL10104,14.764558
VHL14185,18.933344
VHL15914,5.101243
VHL11633,5.4766808
VHL10331,4.3381805
VHL15981,9.673845
VHL18376,17.616625
VHL14890,7.8052545
VHL14283,26.953333
VHL15877,3.8766165
VHL10019,9.765461
VHL10439,4.3735657
VHL18436,24.016363
VHL11989,8.260698
VHL19813,10.4380665
VHL15869,9.956307
VHL13464,6.4391017
VHL14974,9.377694
VHL13446,7.130795
VHL11326,6.589171
VHL12561,5.8587236
VHL12421,7.692468
VHL15061,20.53905
VHL16174,12.590463
VHL14500,16.790236
VHL16937,32.4523
VHL13576,20.917234
VHL12458,8.067094
VHL11965,15.158194
VHL11890,5.263831
VHL14930,5.6711097
VHL16445,6.9020395
VHL11308,16.748215
VHL17652,11.046609
VHL13004,18.573019
VHL10262,7.8818173
VHL13111,3.7002046
VHL13568,7.882058
VHL12606,7.4530625
VHL15786,7.8179936
VHL11054,39.422432
VHL15167,5.5909624
VHL14716,35.295094
VHL11763,7.6588016
VHL17885,7.610375
VHL16048,5.9339437
VHL17032,7.2765784
VHL10344,13.245638
VHL13463,8.324345
VHL12903,5.593751
VHL14551,20.754997
VHL14763,6.2089763
VHL19270,8.687592
VHL12817,10.480278
VHL18354,7.6190567
VHL12185,5.1084
VHL14983,18.030144
VHL15530,8.798981
VHL15827,10.585947
VHL14886,24.908617
VHL17643,6.432299
VHL16987,10.890437
VHL14294,7.869432
VHL16175,10.036681
VHL18639,5.9699254
VHL13640,5.743102
VHL17895,4.4416876
VHL19307,6.317971
VHL19436,3.8425949
VHL19809,18.035793
VHL10638,4.248884
VHL13859,3.959279
VHL11640,6.499769
VHL13661,6.714607
VHL15523,5.9981995
VHL12838,10.239289
VHL11312,5.2963867
VHL12699,8.234637
VHL14640,3.2199585
VHL17666,12.196546
VHL14903,10.539323
VHL13835,8.520135
VHL15635,23.670277
VHL19827,21.849613
VHL14808,10.832315
VHL16208,6.4387636
VHL18605,4.7208996
VHL19751,6.8949246
VHL17664,13.476384
VHL12588,7.9422126
VHL17702,22.582722
VHL10842,6.3041854
VHL19609,56.34713
VHL12767,5.119983
VHL13680,13.602811
VHL13507,5.2864723
VHL16160,7.811409
VHL13555,2.8832972
VHL18088,5.738734
VHL16428,4.6301417
VHL11278,3.3721042
VHL17567,17.229914
VHL16715,5.6915994
VHL15486,4.869033
VHL10286,7.4610367
VHL13344,5.1224146
VHL17544,17.167063
VHL12579,10.384308
VHL19966,6.25637
VHL12989,5.416645
VHL18968,12.524744
VHL16423,5.8816967
VHL15852,31.52282
VHL16298,11.9431095
VHL13399,4.248548
VHL11381,114.608154
VHL18329,71.47037
VHL13335,4.8308754
VHL11885,10.2728405
VHL19284,9.283731
VHL12612,14.295725
VHL15522,6.9335294
VHL16059,23.222725
VHL10388,10.031265
VHL10025,16.14924
VHL14629,3.8278167
VHL10790,4.470247
VHL17966,5.5876937
VHL12843,10.870432
VHL11996,4.4145923
VHL15688,10.2182455
VHL13110,6.20635
VHL19865,26.834053
VHL13379,5.1843853
VHL18639,6.629325
VHL16928,14.525436
VHL11725,84.429214
VHL11355,5.2706137
VHL17560,15.716785
VHL11885,5.8095927
VHL12995,25.54688
VHL11751,6.5037394
VHL14633,24.25528
VHL16853,7.6653194
VHL14501,8.9612055
VHL13938,17.845266
VHL12329,4.210862
VHL10067,7.999267
VHL19818,10.136247
VHL12785,6.2684903
VHL13874,6.6290135
VHL18142,26.288239
VHL14855,13.62216
VHL12147,17.876944
VHL15256,13.048785
VHL13751,9.274656
VHL17863,6.4391017
VHL13981,12.203029
VHL18916,5.619878
VHL19492,8.733184
VHL16004,76.5208
VHL15913,3.2083843
VHL16871,9.983777
VHL11388,6.4901524
VHL15019,4.539954
VHL11934,3.4102821
VHL19784,6.221425
VHL12593,17.138872
VHL15836,23.809853
VHL17034,4.47452
VHL14607,8.249552
VHL17105,17.046606
VHL18773,5.8096538
VHL12684,28.622318
VHL17154,8.304886
VHL10849,7.766944
VHL12067,6.6993227
VHL14247,6.1251445
VHL18581,4.936233
VHL18516,7.1903043
VHL17684,4.325098
VHL17215,3.787271
VHL15232,44.214706
VHL19310,10.498875
VHL12120,7.6381664
VHL15455,10.8811455
VHL10132,6.669042
VHL12356,15.074478
VHL16995,8.325261
VHL15752,15.511574
VHL12151,17.084547
VHL11902,381.55365
VHL17808,4.0438704
VHL17592,4.253321
VHL16636,7.9705896
VHL11497,6.304438
VHL17774,22.92229
VHL15919,6.161549
VHL15172,4.59194
VHL11820,5.9487686
VHL13093,34.172318
VHL17445,20.936747
VHL18989,3.9040287
VHL10713,5.857046
VHL14240,4.7106194
VHL13501,4.660068
VHL18215,10.319963
VHL14878,56.614838
VHL19143,6.8193774
VHL10173,9.5568
VHL16962,14.229732
VHL15384,4.955205
VHL13844,8.007413
VHL11998,4.016123
VHL10444,4.0944104
VHL19655,7.610375
VHL18921,8.014544
VHL11774,18.22942
VHL15490,2.6592746
VHL18694,11.630072
VHL10360,6.200682
VHL18707,6.486913
VHL15801,6.5173483
VHL17931,16.77079
VHL16716,18.704102
VHL11290,6.1788707
VHL18180,5.3331566
VHL19935,4.243826
VHL16593,7.7628736
VHL17349,3.915037
VHL18705,7.927884
VHL18527,7.3752823
VHL18577,7.1567993
VHL15369,24.21065
VHL16140,7.5236926
VHL11458,6.746182
VHL13652,5.1708393
VHL13470,10.36236
VHL17609,7.3607855
VHL16953,3.4638941
VHL19670,13.865092
VHL16517,4.5015383
VHL12631,21.0197
VHL14338,3.0837808
VHL13224,5.502944
VHL19157,6.070331
VHL10266,3.4026737
VHL11597,10.731727
VHL16219,8.831674
VHL12828,6.3771887
VHL10364,5.144861
VHL11875,49.242855
VHL10185,4.3542633
VHL12097,23.563646
VHL17691,2.8722417
VHL15092,4.911627
VHL11628,22.559927
VHL13662,5.0865464
VHL11486,6.726956
VHL18373,13.812302
VHL16605,26.05206
VHL14670,21.652555
VHL19579,3.9075294
VHL15504,5.182849
VHL18831,4.9615693
VHL19404,5.7889566
VHL11218,8.258855
VHL13869,37.396255
VHL19846,10.296041
VHL11677,8.543685
VHL17416,5.001778
VHL13175,5.6537614
VHL17965,20.769764
VHL19048,9.104877
VHL18117,5.617942
VHL16742,14.28756
VHL10339,8.400776
VHL14079,4.7757573
VHL17034,10.097668
VHL15903,5.237856
VHL14643,12.022575
VHL19176,9.565836
VHL16293,9.797418
VHL16573,6.146117
VHL10615,3.8939037
VHL10834,10.32996
VHL13200,9.723693
VHL18949,17.676065
VHL14402,4.237276
VHL16439,9.581802
VHL14135,7.892415
VHL10015,4.2289405
VHL10388,6.045721
VHL17226,7.6790657
VHL16884,38.819687
VHL18216,8.390939
VHL19751,9.587014
VHL11071,9.698303
VHL16489,25.046143
VHL12578,10.053219
VHL10582,11.470846
VHL19617,34.07411
VHL14437,17.54497
VHL11749,7.76308
VHL18131,10.645963
VHL16700,13.81184
VHL14166,7.876428
VHL19100,8.65386
VHL11100,14.039175
VHL17954,34.426994
VHL15065,15.620748
VHL14908,15.488939
VHL11925,12.55255
VHL12725,74.487206
VHL17558,5.187241
VHL12989,13.182254
VHL11734,28.110817
VHL15324,16.787155
VHL19720,10.268506
VHL17274,2.8867342
VHL10206,11.89041
VHL18355,5.489921
VHL16634,6.8709
VHL15037,6.4334025
VHL19446,10.528423
VHL11255,7.5720377
VHL18968,10.898712
VHL17262,6.151158
VHL19635,15.222301
VHL13636,6.289753
VHL14827,30.544909
VHL13630,14.39328
VHL18929,5.598971
VHL18493,20.362444
VHL11970,12.365751
VHL18557,5.49919
VHL16603,6.9846888
VHL10144,9.060636
VHL19283,5.151037
VHL14957,6.0102744
VHL14521,3.2011142
VHL14631,10.527884
VHL10741,9.649792
VHL18773,6.818623
VHL15546,5.596481
VHL18796,7.2862754
VHL16777,8.367434
VHL12667,3.3165982
VHL11806,11.296455
VHL16241,3.4699526
VHL11602,13.125552
VHL10361,8.176871
VHL11563,5.7141137
VHL18781,9.279668
VHL11605,3.667495
VHL17566,4.878782
VHL14925,10.143144
VHL17378,21.552134
VHL13933,9.214904
VHL15621,7.6331186
VHL11212,9.232126
VHL17047,3.2969534
VHL18495,16.662182
VHL11789,30.05255
VHL18812,3.6934218
VHL12003,6.4152837
VHL17763,8.145711
VHL10234,5.1951017
VHL11820,30.12185
VHL15612,10.698146
VHL16969,13.946554
VHL15883,47.475033
VHL16910,15.882548
VHL15537,46.413776
VHL19483,7.7782807
VHL19061,31.786219
VHL10122,41.59658
VHL18413,8.60266
VHL19153,6.450874
VHL16118,5.229303
VHL11390,9.198293
VHL15701,3.8151023
VHL12322,27.97199
VHL18493,33.51883
VHL18230,9.668353
VHL10567,4.450359
VHL16862,8.999067
VHL12040,17.482046
VHL13506,13.346316
VHL13379,12.44805
VHL16540,5.857348
VHL14882,6.19283
VHL16979,5.2873845
VHL17108,5.892083
VHL19862,4.6506915
VHL19541,5.3594594
VHL16650,10.968394
VHL18976,23.313122
VHL15984,10.822352
VHL13017,11.337628
VHL12807,21.140097
VHL16571,13.691076
VHL18496,6.3859615
VHL19085,5.1197023
VHL15655,25.042458
VHL10274,19.782784
VHL17927,23.11176
VHL14169,6.254872
VHL10088,19.77804
VHL19133,4.421037
VHL10124,5.247365
VHL17800,79.45242
VHL12549,15.001939
VHL10900,7.623931
VHL16654,3.82661
VHL15178,5.854779
VHL10370,50.372353
VHL19083,6.638231
VHL10667,297.74435
VHL11177,7.01464
VHL19621,7.867819
VHL19834,4.5036044
VHL18831,3.7687135
VHL16058,14.259475
VHL15327,12.289425
VHL10566,7.664276
VHL15911,7.977394
VHL18703,7.546852
VHL19494,6.058021
VHL16292,16.390215
VHL12417,7.157726
VHL16694,12.603685
VHL16876,8.725211
VHL10394,4.0055604
VHL18192,3.7482738
VHL18989,4.181377
VHL15531,6.215698
VHL19945,12.28966
VHL15352,11.378124
VHL10470,6.549781
VHL12910,57.82707
VHL19260,13.309224
VHL18747,19.314142
VHL10865,13.040857
VHL10512,37.791355
VHL19176,5.079855
VHL18494,4.416035
VHL14953,6.198707
VHL18146,13.479159
VHL10753,8.846003
VHL13266,14.036177
VHL18142,14.271403
VHL12499,6.4901524
VHL11132,4.7759657
VHL16161,3.1046975
VHL16332,4.4402995
VHL11947,53.218567
VHL15516,6.1787124
VHL15620,287.44873
VHL11334,12.2706375
VHL14676,5.916222
VHL18063,5.9777927
VHL11305,7.736563
VHL17190,3.2632985
VHL19509,5.935259
VHL13065,8.049294
VHL16948,8.728476
VHL18753,4.607643
VHL13306,3.2742627
VHL11296,4.1116443
VHL14799,53.163177
VHL16629,108.97871
VHL12469,5.200136
VHL14725,5.4045095
VHL15360,3.6900158
VHL12472,5.054012
VHL17694,8.466334
VHL19367,8.075783
VHL13921,12.301177
VHL18424,4.460255
VHL13215,21.899754
VHL19720,7.51358
VHL19474,7.7688437
VHL14718,5.725814
VHL13614,10.349526
VHL15761,4.117756
VHL15481,4.521827
VHL10583,4.5344524
VHL10999,5.8483133
VHL11387,3.9283864
VHL17201,12.844421
VHL11541,39.651154
VHL11491,10.837099
VHL13571,3.8888316
VHL17798,11.739842
VHL11615,4.1302643
VHL17412,8.348842
VHL17680,69.21951
VHL13091,30.371881
VHL13434,6.119291
VHL15052,7.805521
VHL11742,5.774797
VHL11925,7.966488
VHL12016,7.958788
VHL17513,6.916051
VHL10564,3.159824
VHL14087,3.89663
VHL18246,7.1315393
VHL10468,18.361692
VHL18823,6.530445
VHL10264,7.7287827
VHL15285,19.25564
VHL16403,43.227192
VHL14260,23.248938
VHL16390,4.425688
VHL14383,6.566511
VHL12924,9.192491
VHL16793,3.467563
VHL19286,6.057628
VHL11692,94.93438
VHL19565,6.8360047
VHL12271,15.936196
VHL16387,4.6417065
VHL10067,3.8333344
VHL11055,15.095238
VHL16282,7.6564703
VHL10373,4.965972
VHL13130,8.102669
VHL14791,7.639919
VHL17669,226.82074
VHL10245,7.3168855
VHL13394,6.6916947
VHL13369,8.135436
VHL12230,22.433489
VHL15024,3.32704
VHL15401,9.244445
VHL17830,8.145711
VHL16594,4.684727
VHL13400,11.009533
VHL13413,6.961951
VHL11338,20.96032
VHL12928,8.676124
VHL14141,31.739038
VHL13196,31.730785
VHL17193,7.76216
VHL13848,19.286234
VHL15690,11.541255
VHL14292,6.1087666
VHL10249,26.659279
VHL16684,6.079317
VHL13663,4.5286965
VHL16780,9.330579
VHL15195,7.4895983
VHL19709,3.4939811
VHL16300,7.310069
VHL18402,5.674997
VHL10408,12.041919
VHL17856,9.531517
VHL12909,10.457053
VHL17579,47.19015
VHL14360,9.063197
VHL16170,16.268785
VHL11625,22.948072
VHL10141,6.7790008
VHL13372,3.1662302
VHL10702,14.527374
VHL10168,5.3262224
VHL17506,8.186109
VHL19811,9.129375
VHL18898,3.5910282
VHL14976,20.195028
VHL19528,13.459735
VHL14747,4.367344
VHL12298,7.4971256
VHL12897,71.23128
VHL14501,5.506779
VHL19230,10.076593
VHL17122,6.215698
VHL13093,13.240882
VHL13713,5.5062766
VHL10827,7.109185
VHL14671,6.701362
VHL19953,5.3672743
VHL14674,14.436162
VHL19651,5.809308
VHL14860,35.179295
VHL15452,13.776483
VHL11031,6.171398
VHL16763,7.616162
VHL13764,26.747625
VHL12562,10.291037
VHL11827,3.4711325
VHL13929,6.261762
VHL10039,11.381331
VHL15009,52.692833
VHL13821,19.193182
VHL14348,3.5481157
VHL16840,25.766457
VHL12002,11.824976
VHL10237,11.898702
VHL18738,5.015632
VHL10568,8.582945
VHL19355,3.778244
VHL16226,11.158047
VHL16719,6.713729
VHL14548,5.479656
VHL16912,32.509995
VHL19505,28.036524
VHL16442,4.283834
VHL16825,4.587363
VHL12658,25.501764
VHL12481,26.953333
VHL18658,13.882689
VHL15493,5.1153603
VHL12577,50.2606
VHL13844,8.087207
VHL12544,5.0458355
VHL14450,5.670885
VHL16818,6.2218404
VHL18694,7.029391
VHL13597,24.998106
VHL15898,6.574099
VHL18680,4.9205422
VHL12465,27.06315
VHL12148,3.7386935
VHL19876,17.639338
VHL19612,14.1644945
VHL18169,24.352264
VHL13267,8.330029
VHL14640,4.9270296
VHL15593,17.110268
VHL16387,25.776556
VHL13148,14.9398155
VHL11142,4.8634996
VHL18659,5.7249503
VHL13899,6.2082486
VHL18985,8.564873
VHL17250,4.4074244
VHL17539,6.57541
VHL18609,7.103034
VHL11948,4.864234
VHL11525,6.0519056
VHL12806,16.864666
VHL19564,43.397972
VHL19054,10.549836
VHL18679,4.701015
VHL19665,6.642864
VHL12463,4.5055084
VHL10753,3.7086275
VHL11312,10.382993
VHL12620,3.4156413
VHL17592,5.591405
VHL11746,6.477584
VHL14332,3.3993027
VHL19959,8.916205
VHL16741,5.2197804
VHL10763,9.634611
VHL17541,5.9227986
VHL11701,43.035267
VHL10194,5.169611
VHL13479,42.88329
VHL15975,5.042537
VHL10231,7.879189
VHL18446,4.3868732
VHL19365,30.870062
VHL12815,6.492095
VHL17210,14.165609
VHL14273,6.394847
VHL16001,5.486496
VHL17232,26.78367
VHL17877,6.8846607
VHL13772,10.512838
VHL14502,6.048112
VHL12140,6.3912992
VHL12267,19.634188
VHL18736,15.940146
VHL17988,47.60951
VHL11233,3.3150153
VHL18205,5.898496
VHL17229,7.24724
VHL12503,8.733113
VHL16555,6.856302
VHL11608,6.292702
VHL13099,25.531895
VHL10464,6.6048675
VHL13660,5.673763
VHL15246,9.072816
VHL18351,7.205949
VHL14567,9.560061
VHL18076,4.6545224
VHL15135,8.092573
VHL14661,23.257727
VHL13468,5.748435
VHL18899,6.2716928
VHL10051,5.2377963
VHL12127,4.581641
VHL12196,7.2150254
VHL17014,8.498926
VHL11559,3.7130485
VHL10059,19.00989
VHL15739,6.3391376
VHL14808,5.062261
VHL15611,12.625213
VHL14636,80.72786
VHL11570,5.3157687
VHL16463,15.483824
VHL16394,7.011379
VHL13693,5.1806173
VHL12291,6.2162247
VHL15561,3.6938372
VHL19493,52.346146
VHL12756,14.165609
VHL10950,5.2239943
VHL16866,3.8815658
VHL12609,9.00685
VHL12574,7.320208
VHL17135,5.0426803
VHL13752,11.572223
VHL13546,11.131412
VHL11097,8.067094
VHL18181,6.477584
VHL10940,5.2649164
VHL16905,9.120578
VHL19185,10.917722
VHL10923,12.144553
VHL18309,5.8495173
VHL19349,9.030381
VHL13590,6.571324
VHL20000,5.0699477
VHL12384,5.942823
VHL13167,12.791089
VHL18928,5.831318
VHL11333,6.108218
VHL18531,3.3297288
VHL19725,3.6012707
VHL13535,12.33622
VHL15299,14.318012
VHL19132,54.714493
VHL19736,22.35752
VHL11914,11.600491
VHL14981,57.473248
VHL11507,4.0931735
VHL18768,6.507007
VHL13208,5.3625665
VHL17200,7.7952547
VHL19398,15.466521
VHL10666,37.791355
VHL12919,8.23774
VHL17972,13.383592
VHL10315,6.821829
VHL13868,3.656351
VHL16268,15.699822
VHL15979,9.305835
VHL14334,9.268036
VHL19984,7.1112585
VHL15905,15.230303
VHL14849,6.4387636
VHL10077,4.107207
VHL12763,46.29825
VHL13814,5.9631476
VHL18236,8.107478
VHL18380,8.884359
VHL11075,5.0610247
VHL10482,12.819232
VHL10117,6.881827
VHL13673,3.9824104
VHL17221,30.15744
VHL11240,9.970566
VHL12562,4.7200327
VHL13799,15.7974615
VHL13466,27.83168
VHL14698,7.2539268
VHL15372,4.6159205
VHL13032,7.7375073
VHL13600,4.448096
VHL17335,7.146059
VHL15519,5.7107115
VHL19609,5.49033
VHL12581,8.619545
VHL18738,5.199154
VHL15107,4.1189885
VHL16177,12.096909
VHL11709,8.913545
VHL14469,6.2609725
VHL13687,7.5875072
VHL16412,7.8953614
VHL14864,28.255875
VHL15725,7.1015787
VHL17141,6.0689836
VHL10991,8.278285
VHL10678,4.1350665
VHL13889,8.391799
VHL17084,12.278022
VHL15443,4.921144
VHL10783,5.013679
VHL19744,5.583655
VHL18331,9.52744
VHL16307,3.375218
VHL18003,5.8342376
VHL10838,23.563646
VHL13320,90.563614
VHL19953,3.4245908
VHL19152,5.174816
VHL15913,74.487206
VHL15341,8.779258
VHL14269,4.8912253
VHL10263,34.287445
VHL10559,7.0768213
VHL17221,8.1478615
VHL12379,27.12674
VHL18253,4.422419
VHL11172,5.6755543
VHL17213,34.42419
VHL18445,7.581776
VHL10808,15.247961
VHL13851,7.892668
VHL18936,4.0274854
VHL17750,8.961329
VHL14279,11.3648815
VHL17407,6.599266
VHL17737,14.86
VHL11196,5.3890305
VHL10773,9.062703
VHL12028,22.58138
VHL19833,3.9824104
VHL13566,6.5897026
VHL18282,6.130209
VHL11015,3.672869
VHL16696,9.179803
VHL13980,4.422419
VHL18337,10.755782
VHL11330,10.372871
VHL14873,12.054342
VHL15435,5.8520803
VHL13861,18.427954
VHL12073,6.3221784
VHL15320,13.795849
VHL17850,6.10087
VHL16757,11.321107
VHL15181,3.9157405
VHL14613,5.4601283
VHL17238,4.5817485
VHL12083,11.100848
VHL16344,5.6303344
VHL19413,8.837655
VHL17430,11.066065
VHL14996,8.899709
VHL13423,4.13727
VHL13162,48.743317
VHL14672,8.349976
VHL12020,5.596647
VHL16103,5.31152
VHL10650,7.958816
VHL15234,6.3799677
VHL11305,10.062796
VHL18180,10.795933
VHL17458,3.7174037
VHL15835,11.19771
VHL17211,4.1648345
VHL17209,8.148111
VHL18693,6.597885
VHL18975,15.71592
VHL18976,5.574841
VHL15391,5.413906
VHL13071,68.67347
VHL19241,15.467483
VHL14944,11.5664835
VHL19128,23.313122
VHL18577,4.0884056
VHL15429,4.7479873
VHL12217,9.211938
VHL15705,50.372353
VHL19888,7.6286483
VHL11906,12.713586
VHL15757,16.926561
VHL11938,19.25348
VHL10969,4.1093245
VHL11777,34.78081
VHL16275,6.270072
VHL14235,8.431234
VHL10496,29.357912
VHL18481,5.079291
VHL17185,7.17592
VHL15960,6.007978
VHL11313,17.5361
VHL11288,27.486233
VHL12337,9.216871
VHL14268,4.1475263
VHL10015,18.522034
VHL16136,6.444595
VHL17903,23.408077
VHL14018,7.836671
VHL17473,8.440221
VHL11480,12.616166
VHL13881,8.917284
